Rowan,U,Raymond,758-8230 Imperdiet Av.,Erie,PA,37029
Tad,C,Schultz,103-8727 Mauris Ave,Tuscaloosa,AL,36601
Rahim,G,Lucas,P.O. Box 667 - 1975 Nunc St.,Tucson,AZ,85631
Drake,V,Macias,Ap #483-3679 Non Avenue,Bowling Green,KY,97117
Erasmus,L,Hunter,554-2797 Felis Street,Rock Springs,WY,43737
Adrienne,O,Maynard,Ap #324-8821 Imperdiet Ave,Rutland,VT,97279
Yasir,B,Campbell,668-1105 Ante. Rd.,Salem,OR,35448
Gail,C,Armstrong,874-5489 At Road,Topeka,KS,76920
Miranda,W,Mcconnell,P.O. Box 430 - 9450 Est Rd.,Wichita,KS,16826
Wyatt,S,Lewis,Ap #554-3309 Luctus Avenue,Des Moines,IA,84339
Lucian,X,Bean,8441 Aliquet. St.,Las Vegas,NV,62531
Caldwell,E,Flowers,Ap #914-4979 Malesuada Avenue,Laramie,WY,76959
Hayley,Z,Berger,P.O. Box 412 - 4672 Sociis Rd.,Dallas,TX,43087
Nicole,V,Daniels,Ap #491-8853 Pulvinar Rd.,Norman,OK,67034
Maxine,L,Mcbride,Ap #852-3738 Dis Av.,Gaithersburg,MD,65703
Rylee,B,Bell,500-8509 Lectus Street,Hilo,HI,79809
Cheryl,T,Bass,665-8268 Semper St.,Dallas,TX,32143
# Baker,F,Calhoun,647-8130 Aliquet St.,Iowa City,IA,89396,non.leo@aultricies.com
# Ian,W,Contreras,2651 Scelerisque Av.,Springfield,MA,45620,nisi.Mauris.nulla@neceuismod.net
# Forrest,R,Snyder,7589 Dictum Street,Olathe,KS,90528,dictum.cursus@nulla.com
# Regina,M,Sharp,678-9058 Etiam Av.,Frederick,MD,59096,nunc.id.enim@dictumeleifendnunc.edu
# Honorato,L,Soto,P.O. Box 353, 6555 Aliquam Road,Newark,DE,19544,ante.bibendum@consequat.ca
# Quinn,S,Dodson,P.O. Box 319, 5287 Amet St.,Grand Island,NE,14469,sit.amet@pretium.co.uk
# TaShya,Z,Reid,P.O. Box 935, 8643 Tempor Road,Hattiesburg,MS,89968,arcu.Nunc.mauris@ascelerisquesed.co.uk
# Kane,G,Bennett,6076 Nisi Road,Laramie,WY,37437,erat.Vivamus.nisi@posuereat.com
# Dai,X,Nichols,666-8353 Nunc St.,Huntsville,AL,35667,varius.Nam@semperpretiumneque.net
# Morgan,J,Baldwin,9968 Aliquam Ave,Fort Wayne,IN,13728,imperdiet.nec@cubiliaCurae.co.uk
# Cody,D,Sanders,788-283 Scelerisque St.,Columbus,OH,16722,odio@Aenean.net
# William,L,Frederick,P.O. Box 368, 9900 Nam Road,Lawton,OK,73942,pharetra@ridiculusmus.co.uk
# Noah,E,Finley,P.O. Box 915, 5652 Aliquam Rd.,Reno,NV,32861,mi.eleifend.egestas@felisDonec.net
# Robert,N,Mueller,Ap #710-5636 Nulla. Rd.,Bozeman,MT,92342,Duis@magna.net
# Salvador,L,Daniel,P.O. Box 775, 7202 Elementum Rd.,Auburn,ME,75369,Cum@accumsaninterdum.edu
# Illana,V,Mclaughlin,652-808 Lorem Rd.,Fayetteville,AR,71100,tellus@arcu.ca
# Hayes,V,Cline,Ap #774-5998 Ipsum Rd.,Clarksville,TN,10875,aliquam@etmalesuada.ca
# Thomas,M,Gibson,907-1106 Aliquam Rd.,Portland,ME,61779,vel.turpis.Aliquam@Nulla.com