empId,firstName,lastName,age,email
1,Jody,Yundt,37,Hang.Dicki@gmail.com
2,Sheena,Gulgowski,29,Dana.Fadel@gmail.com
3,Zenia,Windler,4,Terry.Mosciski@gmail.com
4,Shawnda,Ortiz,6,Olene.Welch@gmail.com
5,Glenn,Langworth,49,Jenelle.Bartell@gmail.com
6,Earlie,Crooks,48,Silva.Gerhold@gmail.com
7,Lance,Lynch,4,Truman.Schamberger@gmail.com
8,Bree,Kub,51,Elmer.Mitchell@gmail.com
9,Cesar,Reilly,32,Danny.Becker@gmail.com
10,Theron,Abernathy,58,Frances.Medhurst@gmail.com
11,Tarra,Thiel,45,Al.Little@gmail.com
12,Zackary,Graham,48,Janet.Zemlak@gmail.com
13,Travis,Bashirian,40,Collin.Effertz@gmail.com
14,Billie,Jacobi,29,George.Rice@gmail.com
15,Jimmie,Wiegand,25,Fletcher.Ondricka@gmail.com
16,Renaldo,Fahey,30,Dominic.Hackett@gmail.com
17,Tasia,Conroy,39,Hector.Rogahn@gmail.com
18,Carroll,Price,57,Rozanne.Renner@gmail.com
19,Chong,Nolan,12,Melvin.Ziemann@gmail.com
20,Britany,Batz,59,Margarete.Kilback@gmail.com
21,Elwanda,Bergstrom,58,Bradley.Reichel@gmail.com
22,Sang,Cronin,58,Claudio.McGlynn@gmail.com
23,Joel,Schroeder,55,Shenika.Thiel@gmail.com
24,Elfrieda,Berge,46,Janina.McCullough@gmail.com
25,Cecile,Schiller,21,Ruthann.Ullrich@gmail.com
26,Antoinette,Quigley,22,Emery.Ondricka@gmail.com
27,Foster,Kuphal,25,Shelby.Nader@gmail.com
28,Erich,Macejkovic,37,Liberty.Dooley@gmail.com
29,Jong,Daugherty,37,Tracey.Stanton@gmail.com
30,Darwin,Yost,22,Hipolito.Hauck@gmail.com
31,Samual,Schinner,1,Maurice.Bogan@gmail.com
32,Wyatt,Schiller,35,Tonda.Dach@gmail.com
33,Marianne,Stracke,74,Marcell.Ferry@gmail.com
34,Charity,Schaefer,63,Susan.Kerluke@gmail.com
35,Tandy,Prohaska,25,Lynwood.Cassin@gmail.com
36,Yuonne,Veum,50,Berry.Rodriguez@gmail.com
37,Harold,Bergnaum,33,Shawanna.Kiehn@gmail.com
38,Franklyn,Hirthe,22,Sherrell.Spinka@gmail.com
39,Les,Klein,43,Edith.Steuber@gmail.com
40,Edmundo,Bogan,27,Colene.Barton@gmail.com
41,Chase,Morissette,9,Benedict.Cartwright@gmail.com
42,Chantay,Leffler,4,Tabitha.Grimes@gmail.com
43,Jan,Reynolds,18,Kia.Grimes@gmail.com
44,Dustin,Hessel,41,Abby.Schmidt@gmail.com
45,Vania,Marks,51,Grazyna.Durgan@gmail.com
46,Kennith,Daugherty,14,Kandis.Ortiz@gmail.com
47,Chase,Lakin,16,Jay.Jacobs@gmail.com
48,Santos,Heller,5,Sammie.Kulas@gmail.com
49,Shayne,Wolf,30,Audie.Bahringer@gmail.com
50,Rusty,Gleichner,11,Jerald.Ferry@gmail.com
51,Jerry,Dickens,67,Ophelia.Daugherty@gmail.com
52,Lynn,Wilderman,29,Rueben.Hartmann@gmail.com
53,Deangelo,Wilderman,17,Donte.Gorczany@gmail.com
54,Robert,Gutkowski,39,Michelina.Powlowski@gmail.com
55,Neely,Bauch,59,Cecil.Graham@gmail.com
56,Toshia,Breitenberg,66,Silas.Cole@gmail.com
57,Rico,Klein,77,Jarrett.Nader@gmail.com
58,Galen,Deckow,76,Ardath.Leffler@gmail.com
59,Alisia,Hilpert,42,Yon.O'Conner@gmail.com
60,Bella,Bergnaum,17,Karl.West@gmail.com
61,Stepanie,Bruen,74,Araceli.Osinski@gmail.com
62,Andree,Balistreri,66,Pandora.Pollich@gmail.com
63,Lowell,McKenzie,11,Lavina.Marquardt@gmail.com
64,Eloy,Russel,2,Shirl.Blick@gmail.com
65,Krystina,Kuphal,36,Dominick.Hane@gmail.com
66,Reed,Jenkins,50,Tiera.Casper@gmail.com
67,Toney,Collier,64,Daniell.Dietrich@gmail.com
68,Lemuel,Lebsack,74,Nicolle.Stracke@gmail.com
69,Charles,Hermiston,44,Zachery.Treutel@gmail.com
70,Julissa,Boehm,22,Darnell.Beatty@gmail.com
71,Jerri,Kuhn,14,Lorene.Fay@gmail.com
72,Odell,Kozey,55,Dorla.Bauch@gmail.com
73,Dione,Dickinson,51,Jarrett.Skiles@gmail.com
74,Johnathon,Thiel,2,Mei.Boyer@gmail.com
75,Gilberto,Schultz,79,Karey.Vandervort@gmail.com
76,Malena,Pagac,58,Signe.Rice@gmail.com
77,Jared,Hickle,51,Eneida.Bechtelar@gmail.com
78,Roland,McKenzie,46,Jamaal.Schamberger@gmail.com
79,Erlinda,Hills,10,Will.O'Keefe@gmail.com
80,Mina,Bins,34,Lekisha.Mraz@gmail.com
81,Lyla,Hoppe,3,Elroy.Kutch@gmail.com
82,Grant,Williamson,13,Terrence.Hamill@gmail.com
83,Darrin,Weissnat,3,Geralyn.Prohaska@gmail.com
84,Angla,Rodriguez,70,Allan.Lehner@gmail.com
85,Lenard,Mante,72,Annabell.Boyle@gmail.com
86,Stevie,Keeling,16,Elza.Steuber@gmail.com
87,Nathan,Becker,54,Gail.Berge@gmail.com
88,Bryan,Brown,54,Reba.Schowalter@gmail.com
89,Milford,Koelpin,22,Leandro.Weissnat@gmail.com
90,Phebe,Gibson,55,Brittaney.Rolfson@gmail.com
91,Peter,Rohan,67,Kenyetta.Jones@gmail.com
92,Rocky,Trantow,27,Shelli.Murray@gmail.com
93,Daisy,Gaylord,65,Tisha.Lesch@gmail.com
94,Carlee,Friesen,56,Phyllis.Bartell@gmail.com
95,Howard,Frami,12,Keven.Watsica@gmail.com
96,Lonny,Leuschke,35,Abraham.Orn@gmail.com
97,Adelle,Funk,7,America.Runte@gmail.com
98,Jackie,Hane,36,Natashia.Parisian@gmail.com
99,Rod,Spinka,79,Wilma.Koch@gmail.com
100,Danica,Stroman,24,Rosamond.Weber@gmail.com
101,Monroe,Corwin,56,Hubert.Fritsch@gmail.com